<object type="competition.cig.matthewerickson.GPAgent" id="0"><field name="maxDepth" type="int" value="3" /><field name="name"><object type="java.lang.String" id="1">GPAgent0619</object></field><field name="program"><object type="competition.cig.matthewerickson.ShiftRightNode" id="2"><field name="numNodeTypes" type="int" value="10" /><field name="numTerminalTypes" type="int" value="5" /><field name="terminalChance" type="double" value="0.05" /><field name="children"><array type="competition.cig.matthewerickson.GPNode" length="1" id="3"><object type="competition.cig.matthewerickson.MaskXNode" id="4"><field name="numNodeTypes" type="int" value="10" /><field name="numTerminalTypes" type="int" value="5" /><field name="terminalChance" type="double" value="0.05" /><field name="children"><array type="competition.cig.matthewerickson.GPNode" length="1" id="5"><object type="competition.cig.matthewerickson.ShiftRightNode" id="6"><field name="numNodeTypes" type="int" value="10" /><field name="numTerminalTypes" type="int" value="5" /><field name="terminalChance" type="double" value="0.05" /><field name="children"><array type="competition.cig.matthewerickson.GPNode" length="1" id="7"><object type="competition.cig.matthewerickson.MaskXNode" id="8"><field name="numNodeTypes" type="int" value="10" /><field name="numTerminalTypes" type="int" value="5" /><field name="terminalChance" type="double" value="0.05" /><field name="children"><array type="competition.cig.matthewerickson.GPNode" length="1" id="9"><object type="competition.cig.matthewerickson.IfNode" id="10"><field name="numNodeTypes" type="int" value="10" /><field name="numTerminalTypes" type="int" value="5" /><field name="terminalChance" type="double" value="0.05" /><field name="children"><array type="competition.cig.matthewerickson.GPNode" length="2" id="11"><object type="competition.cig.matthewerickson.SubNode" id="12"><field name="numNodeTypes" type="int" value="10" /><field name="numTerminalTypes" type="int" value="5" /><field name="terminalChance" type="double" value="0.05" /><field name="children"><array type="competition.cig.matthewerickson.GPNode" length="2" id="13"><object type="competition.cig.matthewerickson.MaskZNode" id="14"><field name="numNodeTypes" type="int" value="10" /><field name="numTerminalTypes" type="int" value="5" /><field name="terminalChance" type="double" value="0.05" /><field name="children"><array type="competition.cig.matthewerickson.GPNode" length="1" id="15"><object type="competition.cig.matthewerickson.AddNode" id="16"><field name="numNodeTypes" type="int" value="10" /><field name="numTerminalTypes" type="int" value="5" /><field name="terminalChance" type="double" value="0.05" /><field name="children"><array type="competition.cig.matthewerickson.GPNode" length="2" id="17"><object type="competition.cig.matthewerickson.IfNode" id="18"><field name="numNodeTypes" type="int" value="10" /><field name="numTerminalTypes" type="int" value="5" /><field name="terminalChance" type="double" value="0.05" /><field name="children"><array type="competition.cig.matthewerickson.GPNode" length="2" id="19"><object type="competition.cig.matthewerickson.ShiftRightNode" id="20"><field name="numNodeTypes" type="int" value="10" /><field name="numTerminalTypes" type="int" value="5" /><field name="terminalChance" type="double" value="0.05" /><field name="children"><array type="competition.cig.matthewerickson.GPNode" length="1" id="21"><object type="competition.cig.matthewerickson.SubNode" id="22"><field name="numNodeTypes" type="int" value="10" /><field name="numTerminalTypes" type="int" value="5" /><field name="terminalChance" type="double" value="0.05" /><field name="children"><array type="competition.cig.matthewerickson.GPNode" length="2" id="23"><object type="competition.cig.matthewerickson.NotNode" id="24"><field name="numNodeTypes" type="int" value="10" /><field name="numTerminalTypes" type="int" value="5" /><field name="terminalChance" type="double" value="0.05" /><field name="children"><array type="competition.cig.matthewerickson.GPNode" length="1" id="25"><object type="competition.cig.matthewerickson.FloatNode" id="26"><field name="value"><array type="float" length="4" id="27">-0.0 0.9031641 0.41071424 0.87824404</array></field><field name="numNodeTypes" type="int" value="10" /><field name="numTerminalTypes" type="int" value="5" /><field name="terminalChance" type="double" value="0.05" /><field name="children"><array type="competition.cig.matthewerickson.GPNode" length="0" id="28" /></field></object></array></field></object><object type="competition.cig.matthewerickson.FloatNode" id="29"><field name="value"><array type="float" length="4" id="30">0.974588 0.024135191 0.79655737 0.38189775</array></field><field name="numNodeTypes" type="int" value="10" /><field name="numTerminalTypes" type="int" value="5" /><field name="terminalChance" type="double" value="0.05" /><field name="children"><array type="competition.cig.matthewerickson.GPNode" length="0" id="31" /></field></object></array></field></object></array></field></object><object type="competition.cig.matthewerickson.ShiftRightNode" id="32"><field name="numNodeTypes" type="int" value="10" /><field name="numTerminalTypes" type="int" value="5" /><field name="terminalChance" type="double" value="0.05" /><field name="children"><array type="competition.cig.matthewerickson.GPNode" length="1" id="33"><object type="competition.cig.matthewerickson.MaskYNode" id="34"><field name="numNodeTypes" type="int" value="10" /><field name="numTerminalTypes" type="int" value="5" /><field name="terminalChance" type="double" value="0.05" /><field name="children"><array type="competition.cig.matthewerickson.GPNode" length="1" id="35"><object type="competition.cig.matthewerickson.SubNode" id="36"><field name="numNodeTypes" type="int" value="10" /><field name="numTerminalTypes" type="int" value="5" /><field name="terminalChance" type="double" value="0.05" /><field name="children"><array type="competition.cig.matthewerickson.GPNode" length="2" id="37"><object type="competition.cig.matthewerickson.ShiftRightNode" id="38"><field name="numNodeTypes" type="int" value="10" /><field name="numTerminalTypes" type="int" value="5" /><field name="terminalChance" type="double" value="0.05" /><field name="children"><array type="competition.cig.matthewerickson.GPNode" length="1" id="39"><object type="competition.cig.matthewerickson.SubNode" id="40"><field name="numNodeTypes" type="int" value="10" /><field name="numTerminalTypes" type="int" value="5" /><field name="terminalChance" type="double" value="0.05" /><field name="children"><array type="competition.cig.matthewerickson.GPNode" length="2" id="41"><object type="competition.cig.matthewerickson.MaskZNode" id="42"><field name="numNodeTypes" type="int" value="10" /><field name="numTerminalTypes" type="int" value="5" /><field name="terminalChance" type="double" value="0.05" /><field name="children"><array type="competition.cig.matthewerickson.GPNode" length="1" id="43"><object type="competition.cig.matthewerickson.AddNode" id="44"><field name="numNodeTypes" type="int" value="10" /><field name="numTerminalTypes" type="int" value="5" /><field name="terminalChance" type="double" value="0.05" /><field name="children"><array type="competition.cig.matthewerickson.GPNode" length="2" id="45"><object type="competition.cig.matthewerickson.ShiftRightNode" id="46"><field name="numNodeTypes" type="int" value="10" /><field name="numTerminalTypes" type="int" value="5" /><field name="terminalChance" type="double" value="0.05" /><field name="children"><array type="competition.cig.matthewerickson.GPNode" length="1" id="47"><object type="competition.cig.matthewerickson.IsOnGroundNode" id="48"><field name="numNodeTypes" type="int" value="10" /><field name="numTerminalTypes" type="int" value="5" /><field name="terminalChance" type="double" value="0.05" /><field name="children"><array type="competition.cig.matthewerickson.GPNode" length="0" id="49" /></field></object></array></field></object><object type="competition.cig.matthewerickson.MaskZNode" id="50"><field name="numNodeTypes" type="int" value="10" /><field name="numTerminalTypes" type="int" value="5" /><field name="terminalChance" type="double" value="0.05" /><field name="children"><array type="competition.cig.matthewerickson.GPNode" length="1" id="51"><object type="competition.cig.matthewerickson.IsOnGroundNode" id="52"><field name="numNodeTypes" type="int" value="10" /><field name="numTerminalTypes" type="int" value="5" /><field name="terminalChance" type="double" value="0.05" /><field name="children"><array type="competition.cig.matthewerickson.GPNode" length="0" id="53" /></field></object></array></field></object></array></field></object></array></field></object><object type="competition.cig.matthewerickson.SubNode" id="54"><field name="numNodeTypes" type="int" value="10" /><field name="numTerminalTypes" type="int" value="5" /><field name="terminalChance" type="double" value="0.05" /><field name="children"><array type="competition.cig.matthewerickson.GPNode" length="2" id="55"><object type="competition.cig.matthewerickson.IsOnGroundNode" id="56"><field name="numNodeTypes" type="int" value="10" /><field name="numTerminalTypes" type="int" value="5" /><field name="terminalChance" type="double" value="0.05" /><field name="children"><array type="competition.cig.matthewerickson.GPNode" length="0" id="57" /></field></object><object type="competition.cig.matthewerickson.ShiftRightNode" id="58"><field name="numNodeTypes" type="int" value="10" /><field name="numTerminalTypes" type="int" value="5" /><field name="terminalChance" type="double" value="0.05" /><field name="children"><array type="competition.cig.matthewerickson.GPNode" length="1" id="59"><object type="competition.cig.matthewerickson.IfNode" id="60"><field name="numNodeTypes" type="int" value="10" /><field name="numTerminalTypes" type="int" value="5" /><field name="terminalChance" type="double" value="0.05" /><field name="children"><array type="competition.cig.matthewerickson.GPNode" length="2" id="61"><object type="competition.cig.matthewerickson.IsOnGroundNode" id="62"><field name="numNodeTypes" type="int" value="10" /><field name="numTerminalTypes" type="int" value="5" /><field name="terminalChance" type="double" value="0.05" /><field name="children"><array type="competition.cig.matthewerickson.GPNode" length="0" id="63" /></field></object><object type="competition.cig.matthewerickson.IfNode" id="64"><field name="numNodeTypes" type="int" value="10" /><field name="numTerminalTypes" type="int" value="5" /><field name="terminalChance" type="double" value="0.05" /><field name="children"><array type="competition.cig.matthewerickson.GPNode" length="2" id="65"><object type="competition.cig.matthewerickson.IfNode" id="66"><field name="numNodeTypes" type="int" value="10" /><field name="numTerminalTypes" type="int" value="5" /><field name="terminalChance" type="double" value="0.05" /><field name="children"><array type="competition.cig.matthewerickson.GPNode" length="2" id="67"><object type="competition.cig.matthewerickson.IsOnGroundNode" id="68"><field name="numNodeTypes" type="int" value="10" /><field name="numTerminalTypes" type="int" value="5" /><field name="terminalChance" type="double" value="0.05" /><field name="children"><array type="competition.cig.matthewerickson.GPNode" length="0" id="69" /></field></object><object type="competition.cig.matthewerickson.NearestEnemyNode" id="70"><field name="numNodeTypes" type="int" value="10" /><field name="numTerminalTypes" type="int" value="5" /><field name="terminalChance" type="double" value="0.05" /><field name="children"><array type="competition.cig.matthewerickson.GPNode" length="0" id="71" /></field></object></array></field></object><object type="competition.cig.matthewerickson.NearestEnemyNode" id="72"><field name="numNodeTypes" type="int" value="10" /><field name="numTerminalTypes" type="int" value="5" /><field name="terminalChance" type="double" value="0.05" /><field name="children"><array type="competition.cig.matthewerickson.GPNode" length="0" id="73" /></field></object></array></field></object></array></field></object></array></field></object></array></field></object></array></field></object></array></field></object><object type="competition.cig.matthewerickson.SubNode" id="74"><field name="numNodeTypes" type="int" value="10" /><field name="numTerminalTypes" type="int" value="5" /><field name="terminalChance" type="double" value="0.05" /><field name="children"><array type="competition.cig.matthewerickson.GPNode" length="2" id="75"><object type="competition.cig.matthewerickson.SubNode" id="76"><field name="numNodeTypes" type="int" value="10" /><field name="numTerminalTypes" type="int" value="5" /><field name="terminalChance" type="double" value="0.05" /><field name="children"><array type="competition.cig.matthewerickson.GPNode" length="2" id="77"><object type="competition.cig.matthewerickson.ShiftRightNode" id="78"><field name="numNodeTypes" type="int" value="10" /><field name="numTerminalTypes" type="int" value="5" /><field name="terminalChance" type="double" value="0.05" /><field name="children"><array type="competition.cig.matthewerickson.GPNode" length="1" id="79"><object type="competition.cig.matthewerickson.MaskYNode" id="80"><field name="numNodeTypes" type="int" value="10" /><field name="numTerminalTypes" type="int" value="5" /><field name="terminalChance" type="double" value="0.05" /><field name="children"><array type="competition.cig.matthewerickson.GPNode" length="1" id="81"><object type="competition.cig.matthewerickson.IfNode" id="82"><field name="numNodeTypes" type="int" value="10" /><field name="numTerminalTypes" type="int" value="5" /><field name="terminalChance" type="double" value="0.05" /><field name="children"><array type="competition.cig.matthewerickson.GPNode" length="2" id="83"><object type="competition.cig.matthewerickson.ShiftRightNode" id="84"><field name="numNodeTypes" type="int" value="10" /><field name="numTerminalTypes" type="int" value="5" /><field name="terminalChance" type="double" value="0.05" /><field name="children"><array type="competition.cig.matthewerickson.GPNode" length="1" id="85"><object type="competition.cig.matthewerickson.ShiftRightNode" id="86"><field name="numNodeTypes" type="int" value="10" /><field name="numTerminalTypes" type="int" value="5" /><field name="terminalChance" type="double" value="0.05" /><field name="children"><array type="competition.cig.matthewerickson.GPNode" length="1" id="87"><object type="competition.cig.matthewerickson.IfNode" id="88"><field name="numNodeTypes" type="int" value="10" /><field name="numTerminalTypes" type="int" value="5" /><field name="terminalChance" type="double" value="0.05" /><field name="children"><array type="competition.cig.matthewerickson.GPNode" length="2" id="89"><object type="competition.cig.matthewerickson.SubNode" id="90"><field name="numNodeTypes" type="int" value="10" /><field name="numTerminalTypes" type="int" value="5" /><field name="terminalChance" type="double" value="0.05" /><field name="children"><array type="competition.cig.matthewerickson.GPNode" length="2" id="91"><object type="competition.cig.matthewerickson.NotNode" id="92"><field name="numNodeTypes" type="int" value="10" /><field name="numTerminalTypes" type="int" value="5" /><field name="terminalChance" type="double" value="0.05" /><field name="children"><array type="competition.cig.matthewerickson.GPNode" length="1" id="93"><object type="competition.cig.matthewerickson.FloatNode" id="94"><field name="value"><array type="float" length="4" id="95">0.38395697 0.0 0.35622254 0.76896626</array></field><field name="numNodeTypes" type="int" value="10" /><field name="numTerminalTypes" type="int" value="5" /><field name="terminalChance" type="double" value="0.05" /><field name="children"><array type="competition.cig.matthewerickson.GPNode" length="0" id="96" /></field></object></array></field></object><object type="competition.cig.matthewerickson.FloatNode" id="97"><field name="value"><array type="float" length="4" id="98">0.974588 0.024135191 0.79655737 0.38189775</array></field><field name="numNodeTypes" type="int" value="10" /><field name="numTerminalTypes" type="int" value="5" /><field name="terminalChance" type="double" value="0.05" /><field name="children"><array type="competition.cig.matthewerickson.GPNode" length="0" id="99" /></field></object></array></field></object><object type="competition.cig.matthewerickson.MaskZNode" id="100"><field name="numNodeTypes" type="int" value="10" /><field name="numTerminalTypes" type="int" value="5" /><field name="terminalChance" type="double" value="0.05" /><field name="children"><array type="competition.cig.matthewerickson.GPNode" length="1" id="101"><object type="competition.cig.matthewerickson.SubNode" id="102"><field name="numNodeTypes" type="int" value="10" /><field name="numTerminalTypes" type="int" value="5" /><field name="terminalChance" type="double" value="0.05" /><field name="children"><array type="competition.cig.matthewerickson.GPNode" length="2" id="103"><object type="competition.cig.matthewerickson.FloatNode" id="104"><field name="value"><array type="float" length="4" id="105">0.82452875 0.90278935 0.01020644 0.07899696</array></field><field name="numNodeTypes" type="int" value="10" /><field name="numTerminalTypes" type="int" value="5" /><field name="terminalChance" type="double" value="0.05" /><field name="children"><array type="competition.cig.matthewerickson.GPNode" length="0" id="106" /></field></object><object type="competition.cig.matthewerickson.AddNode" id="107"><field name="numNodeTypes" type="int" value="10" /><field name="numTerminalTypes" type="int" value="5" /><field name="terminalChance" type="double" value="0.05" /><field name="children"><array type="competition.cig.matthewerickson.GPNode" length="2" id="108"><object type="competition.cig.matthewerickson.NextPitNode" id="109"><field name="numNodeTypes" type="int" value="10" /><field name="numTerminalTypes" type="int" value="5" /><field name="terminalChance" type="double" value="0.05" /><field name="children"><array type="competition.cig.matthewerickson.GPNode" length="0" id="110" /></field></object><object type="competition.cig.matthewerickson.ShiftLeftNode" id="111"><field name="numNodeTypes" type="int" value="10" /><field name="numTerminalTypes" type="int" value="5" /><field name="terminalChance" type="double" value="0.05" /><field name="children"><array type="competition.cig.matthewerickson.GPNode" length="1" id="112"><object type="competition.cig.matthewerickson.AddNode" id="113"><field name="numNodeTypes" type="int" value="10" /><field name="numTerminalTypes" type="int" value="5" /><field name="terminalChance" type="double" value="0.05" /><field name="children"><array type="competition.cig.matthewerickson.GPNode" length="2" id="114"><object type="competition.cig.matthewerickson.FloatNode" id="115"><field name="value"><array type="float" length="4" id="116">0.82452875 0.90278935 0.0 0.0</array></field><field name="numNodeTypes" type="int" value="10" /><field name="numTerminalTypes" type="int" value="5" /><field name="terminalChance" type="double" value="0.05" /><field name="children"><array type="competition.cig.matthewerickson.GPNode" length="0" id="117" /></field></object><object type="competition.cig.matthewerickson.IfNode" id="118"><field name="numNodeTypes" type="int" value="10" /><field name="numTerminalTypes" type="int" value="5" /><field name="terminalChance" type="double" value="0.05" /><field name="children"><array type="competition.cig.matthewerickson.GPNode" length="2" id="119"><object type="competition.cig.matthewerickson.IfNode" id="120"><field name="numNodeTypes" type="int" value="10" /><field name="numTerminalTypes" type="int" value="5" /><field name="terminalChance" type="double" value="0.05" /><field name="children"><array type="competition.cig.matthewerickson.GPNode" length="2" id="121"><object type="competition.cig.matthewerickson.IsOnGroundNode" id="122"><field name="numNodeTypes" type="int" value="10" /><field name="numTerminalTypes" type="int" value="5" /><field name="terminalChance" type="double" value="0.05" /><field name="children"><array type="competition.cig.matthewerickson.GPNode" length="0" id="123" /></field></object><object type="competition.cig.matthewerickson.IfNode" id="124"><field name="numNodeTypes" type="int" value="10" /><field name="numTerminalTypes" type="int" value="5" /><field name="terminalChance" type="double" value="0.05" /><field name="children"><array type="competition.cig.matthewerickson.GPNode" length="2" id="125"><object type="competition.cig.matthewerickson.AddNode" id="126"><field name="numNodeTypes" type="int" value="10" /><field name="numTerminalTypes" type="int" value="5" /><field name="terminalChance" type="double" value="0.05" /><field name="children"><array type="competition.cig.matthewerickson.GPNode" length="2" id="127"><object type="competition.cig.matthewerickson.ShiftLeftNode" id="128"><field name="numNodeTypes" type="int" value="10" /><field name="numTerminalTypes" type="int" value="5" /><field name="terminalChance" type="double" value="0.05" /><field name="children"><array type="competition.cig.matthewerickson.GPNode" length="1" id="129"><object type="competition.cig.matthewerickson.ShiftLeftNode" id="130"><field name="numNodeTypes" type="int" value="10" /><field name="numTerminalTypes" type="int" value="5" /><field name="terminalChance" type="double" value="0.05" /><field name="children"><array type="competition.cig.matthewerickson.GPNode" length="1" id="131"><object type="competition.cig.matthewerickson.FloatNode" id="132"><field name="value"><array type="float" length="4" id="133">0.25432998 0.1392821 0.13592464 0.98728925</array></field><field name="numNodeTypes" type="int" value="10" /><field name="numTerminalTypes" type="int" value="5" /><field name="terminalChance" type="double" value="0.05" /><field name="children"><array type="competition.cig.matthewerickson.GPNode" length="0" id="134" /></field></object></array></field></object></array></field></object><object type="competition.cig.matthewerickson.ShiftLeftNode" id="135"><field name="numNodeTypes" type="int" value="10" /><field name="numTerminalTypes" type="int" value="5" /><field name="terminalChance" type="double" value="0.05" /><field name="children"><array type="competition.cig.matthewerickson.GPNode" length="1" id="136"><object type="competition.cig.matthewerickson.IsOnGroundNode" id="137"><field name="numNodeTypes" type="int" value="10" /><field name="numTerminalTypes" type="int" value="5" /><field name="terminalChance" type="double" value="0.05" /><field name="children"><array type="competition.cig.matthewerickson.GPNode" length="0" id="138" /></field></object></array></field></object></array></field></object><object type="competition.cig.matthewerickson.NearestEnemyNode" id="139"><field name="numNodeTypes" type="int" value="10" /><field name="numTerminalTypes" type="int" value="5" /><field name="terminalChance" type="double" value="0.05" /><field name="children"><array type="competition.cig.matthewerickson.GPNode" length="0" id="140" /></field></object></array></field></object></array></field></object><object type="competition.cig.matthewerickson.IsOnGroundNode" id="141"><field name="numNodeTypes" type="int" value="10" /><field name="numTerminalTypes" type="int" value="5" /><field name="terminalChance" type="double" value="0.05" /><field name="children"><array type="competition.cig.matthewerickson.GPNode" length="0" id="142" /></field></object></array></field></object></array></field></object></array></field></object></array></field></object></array></field></object></array></field></object></array></field></object></array></field></object></array></field></object><object type="competition.cig.matthewerickson.IfNode" id="143"><field name="numNodeTypes" type="int" value="10" /><field name="numTerminalTypes" type="int" value="5" /><field name="terminalChance" type="double" value="0.05" /><field name="children"><array type="competition.cig.matthewerickson.GPNode" length="2" id="144"><object type="competition.cig.matthewerickson.SubNode" id="145"><field name="numNodeTypes" type="int" value="10" /><field name="numTerminalTypes" type="int" value="5" /><field name="terminalChance" type="double" value="0.05" /><field name="children"><array type="competition.cig.matthewerickson.GPNode" length="2" id="146"><object type="competition.cig.matthewerickson.MaskYNode" id="147"><field name="numNodeTypes" type="int" value="10" /><field name="numTerminalTypes" type="int" value="5" /><field name="terminalChance" type="double" value="0.05" /><field name="children"><array type="competition.cig.matthewerickson.GPNode" length="1" id="148"><object type="competition.cig.matthewerickson.MaskYNode" id="149"><field name="numNodeTypes" type="int" value="10" /><field name="numTerminalTypes" type="int" value="5" /><field name="terminalChance" type="double" value="0.05" /><field name="children"><array type="competition.cig.matthewerickson.GPNode" length="1" id="150"><object type="competition.cig.matthewerickson.FloatNode" id="151"><field name="value"><array type="float" length="4" id="152">0.29521745 0.24286124 0.0 0.9303614</array></field><field name="numNodeTypes" type="int" value="10" /><field name="numTerminalTypes" type="int" value="5" /><field name="terminalChance" type="double" value="0.05" /><field name="children"><array type="competition.cig.matthewerickson.GPNode" length="0" id="153" /></field></object></array></field></object></array></field></object><object type="competition.cig.matthewerickson.MaskXNode" id="154"><field name="numNodeTypes" type="int" value="10" /><field name="numTerminalTypes" type="int" value="5" /><field name="terminalChance" type="double" value="0.05" /><field name="children"><array type="competition.cig.matthewerickson.GPNode" length="1" id="155"><object type="competition.cig.matthewerickson.AddNode" id="156"><field name="numNodeTypes" type="int" value="10" /><field name="numTerminalTypes" type="int" value="5" /><field name="terminalChance" type="double" value="0.05" /><field name="children"><array type="competition.cig.matthewerickson.GPNode" length="2" id="157"><object type="competition.cig.matthewerickson.NextPitNode" id="158"><field name="numNodeTypes" type="int" value="10" /><field name="numTerminalTypes" type="int" value="5" /><field name="terminalChance" type="double" value="0.05" /><field name="children"><array type="competition.cig.matthewerickson.GPNode" length="0" id="159" /></field></object><object type="competition.cig.matthewerickson.ShiftLeftNode" id="160"><field name="numNodeTypes" type="int" value="10" /><field name="numTerminalTypes" type="int" value="5" /><field name="terminalChance" type="double" value="0.05" /><field name="children"><array type="competition.cig.matthewerickson.GPNode" length="1" id="161"><object type="competition.cig.matthewerickson.AddNode" id="162"><field name="numNodeTypes" type="int" value="10" /><field name="numTerminalTypes" type="int" value="5" /><field name="terminalChance" type="double" value="0.05" /><field name="children"><array type="competition.cig.matthewerickson.GPNode" length="2" id="163"><object type="competition.cig.matthewerickson.SubNode" id="164"><field name="numNodeTypes" type="int" value="10" /><field name="numTerminalTypes" type="int" value="5" /><field name="terminalChance" type="double" value="0.05" /><field name="children"><array type="competition.cig.matthewerickson.GPNode" length="2" id="165"><object type="competition.cig.matthewerickson.MaskZNode" id="166"><field name="numNodeTypes" type="int" value="10" /><field name="numTerminalTypes" type="int" value="5" /><field name="terminalChance" type="double" value="0.05" /><field name="children"><array type="competition.cig.matthewerickson.GPNode" length="1" id="167"><object type="competition.cig.matthewerickson.IsOnGroundNode" id="168"><field name="numNodeTypes" type="int" value="10" /><field name="numTerminalTypes" type="int" value="5" /><field name="terminalChance" type="double" value="0.05" /><field name="children"><array type="competition.cig.matthewerickson.GPNode" length="0" id="169" /></field></object></array></field></object><object type="competition.cig.matthewerickson.NextPitNode" id="170"><field name="numNodeTypes" type="int" value="10" /><field name="numTerminalTypes" type="int" value="5" /><field name="terminalChance" type="double" value="0.05" /><field name="children"><array type="competition.cig.matthewerickson.GPNode" length="0" id="171" /></field></object></array></field></object><object type="competition.cig.matthewerickson.ShiftRightNode" id="172"><field name="numNodeTypes" type="int" value="10" /><field name="numTerminalTypes" type="int" value="5" /><field name="terminalChance" type="double" value="0.05" /><field name="children"><array type="competition.cig.matthewerickson.GPNode" length="1" id="173"><object type="competition.cig.matthewerickson.IfNode" id="174"><field name="numNodeTypes" type="int" value="10" /><field name="numTerminalTypes" type="int" value="5" /><field name="terminalChance" type="double" value="0.05" /><field name="children"><array type="competition.cig.matthewerickson.GPNode" length="2" id="175"><object type="competition.cig.matthewerickson.IsOnGroundNode" id="176"><field name="numNodeTypes" type="int" value="10" /><field name="numTerminalTypes" type="int" value="5" /><field name="terminalChance" type="double" value="0.05" /><field name="children"><array type="competition.cig.matthewerickson.GPNode" length="0" id="177" /></field></object><object type="competition.cig.matthewerickson.IfNode" id="178"><field name="numNodeTypes" type="int" value="10" /><field name="numTerminalTypes" type="int" value="5" /><field name="terminalChance" type="double" value="0.05" /><field name="children"><array type="competition.cig.matthewerickson.GPNode" length="2" id="179"><object type="competition.cig.matthewerickson.ShiftLeftNode" id="180"><field name="numNodeTypes" type="int" value="10" /><field name="numTerminalTypes" type="int" value="5" /><field name="terminalChance" type="double" value="0.05" /><field name="children"><array type="competition.cig.matthewerickson.GPNode" length="1" id="181"><object type="competition.cig.matthewerickson.FloatNode" id="182"><field name="value"><array type="float" length="4" id="183">0.25432998 0.1392821 0.13592464 0.98728925</array></field><field name="numNodeTypes" type="int" value="10" /><field name="numTerminalTypes" type="int" value="5" /><field name="terminalChance" type="double" value="0.05" /><field name="children"><array type="competition.cig.matthewerickson.GPNode" length="0" id="184" /></field></object></array></field></object><object type="competition.cig.matthewerickson.NearestEnemyNode" id="185"><field name="numNodeTypes" type="int" value="10" /><field name="numTerminalTypes" type="int" value="5" /><field name="terminalChance" type="double" value="0.05" /><field name="children"><array type="competition.cig.matthewerickson.GPNode" length="0" id="186" /></field></object></array></field></object></array></field></object></array></field></object></array></field></object></array></field></object></array></field></object></array></field></object></array></field></object><object type="competition.cig.matthewerickson.MaskZNode" id="187"><field name="numNodeTypes" type="int" value="10" /><field name="numTerminalTypes" type="int" value="5" /><field name="terminalChance" type="double" value="0.05" /><field name="children"><array type="competition.cig.matthewerickson.GPNode" length="1" id="188"><object type="competition.cig.matthewerickson.AddNode" id="189"><field name="numNodeTypes" type="int" value="10" /><field name="numTerminalTypes" type="int" value="5" /><field name="terminalChance" type="double" value="0.05" /><field name="children"><array type="competition.cig.matthewerickson.GPNode" length="2" id="190"><object type="competition.cig.matthewerickson.FloatNode" id="191"><field name="value"><array type="float" length="4" id="192">0.82452875 0.90278935 0.0 0.0</array></field><field name="numNodeTypes" type="int" value="10" /><field name="numTerminalTypes" type="int" value="5" /><field name="terminalChance" type="double" value="0.05" /><field name="children"><array type="competition.cig.matthewerickson.GPNode" length="0" id="193" /></field></object><object type="competition.cig.matthewerickson.IfNode" id="194"><field name="numNodeTypes" type="int" value="10" /><field name="numTerminalTypes" type="int" value="5" /><field name="terminalChance" type="double" value="0.05" /><field name="children"><array type="competition.cig.matthewerickson.GPNode" length="2" id="195"><object type="competition.cig.matthewerickson.IsOnGroundNode" id="196"><field name="numNodeTypes" type="int" value="10" /><field name="numTerminalTypes" type="int" value="5" /><field name="terminalChance" type="double" value="0.05" /><field name="children"><array type="competition.cig.matthewerickson.GPNode" length="0" id="197" /></field></object><object type="competition.cig.matthewerickson.IsOnGroundNode" id="198"><field name="numNodeTypes" type="int" value="10" /><field name="numTerminalTypes" type="int" value="5" /><field name="terminalChance" type="double" value="0.05" /><field name="children"><array type="competition.cig.matthewerickson.GPNode" length="0" id="199" /></field></object></array></field></object></array></field></object></array></field></object></array></field></object></array></field></object></array></field></object></array></field></object><object type="competition.cig.matthewerickson.ShiftRightNode" id="200"><field name="numNodeTypes" type="int" value="10" /><field name="numTerminalTypes" type="int" value="5" /><field name="terminalChance" type="double" value="0.05" /><field name="children"><array type="competition.cig.matthewerickson.GPNode" length="1" id="201"><object type="competition.cig.matthewerickson.FloatNode" id="202"><field name="value"><array type="float" length="4" id="203">0.974588 0.024135191 0.79655737 0.38189775</array></field><field name="numNodeTypes" type="int" value="10" /><field name="numTerminalTypes" type="int" value="5" /><field name="terminalChance" type="double" value="0.05" /><field name="children"><array type="competition.cig.matthewerickson.GPNode" length="0" id="204" /></field></object></array></field></object></array></field></object><object type="competition.cig.matthewerickson.ShiftRightNode" id="205"><field name="numNodeTypes" type="int" value="10" /><field name="numTerminalTypes" type="int" value="5" /><field name="terminalChance" type="double" value="0.05" /><field name="children"><array type="competition.cig.matthewerickson.GPNode" length="1" id="206"><object type="competition.cig.matthewerickson.MaskZNode" id="207"><field name="numNodeTypes" type="int" value="10" /><field name="numTerminalTypes" type="int" value="5" /><field name="terminalChance" type="double" value="0.05" /><field name="children"><array type="competition.cig.matthewerickson.GPNode" length="1" id="208"><object type="competition.cig.matthewerickson.AddNode" id="209"><field name="numNodeTypes" type="int" value="10" /><field name="numTerminalTypes" type="int" value="5" /><field name="terminalChance" type="double" value="0.05" /><field name="children"><array type="competition.cig.matthewerickson.GPNode" length="2" id="210"><object type="competition.cig.matthewerickson.IfNode" id="211"><field name="numNodeTypes" type="int" value="10" /><field name="numTerminalTypes" type="int" value="5" /><field name="terminalChance" type="double" value="0.05" /><field name="children"><array type="competition.cig.matthewerickson.GPNode" length="2" id="212"><object type="competition.cig.matthewerickson.FloatNode" id="213"><field name="value"><array type="float" length="4" id="214">0.974588 0.024135191 0.79655737 0.38189775</array></field><field name="numNodeTypes" type="int" value="10" /><field name="numTerminalTypes" type="int" value="5" /><field name="terminalChance" type="double" value="0.05" /><field name="children"><array type="competition.cig.matthewerickson.GPNode" length="0" id="215" /></field></object><object type="competition.cig.matthewerickson.IsOnGroundNode" id="216"><field name="numNodeTypes" type="int" value="10" /><field name="numTerminalTypes" type="int" value="5" /><field name="terminalChance" type="double" value="0.05" /><field name="children"><array type="competition.cig.matthewerickson.GPNode" length="0" id="217" /></field></object></array></field></object><object type="competition.cig.matthewerickson.AddNode" id="218"><field name="numNodeTypes" type="int" value="10" /><field name="numTerminalTypes" type="int" value="5" /><field name="terminalChance" type="double" value="0.05" /><field name="children"><array type="competition.cig.matthewerickson.GPNode" length="2" id="219"><object type="competition.cig.matthewerickson.ShiftRightNode" id="220"><field name="numNodeTypes" type="int" value="10" /><field name="numTerminalTypes" type="int" value="5" /><field name="terminalChance" type="double" value="0.05" /><field name="children"><array type="competition.cig.matthewerickson.GPNode" length="1" id="221"><object type="competition.cig.matthewerickson.AddNode" id="222"><field name="numNodeTypes" type="int" value="10" /><field name="numTerminalTypes" type="int" value="5" /><field name="terminalChance" type="double" value="0.05" /><field name="children"><array type="competition.cig.matthewerickson.GPNode" length="2" id="223"><object type="competition.cig.matthewerickson.ShiftRightNode" id="224"><field name="numNodeTypes" type="int" value="10" /><field name="numTerminalTypes" type="int" value="5" /><field name="terminalChance" type="double" value="0.05" /><field name="children"><array type="competition.cig.matthewerickson.GPNode" length="1" id="225"><object type="competition.cig.matthewerickson.SubNode" id="226"><field name="numNodeTypes" type="int" value="10" /><field name="numTerminalTypes" type="int" value="5" /><field name="terminalChance" type="double" value="0.05" /><field name="children"><array type="competition.cig.matthewerickson.GPNode" length="2" id="227"><object type="competition.cig.matthewerickson.IsOnGroundNode" id="228"><field name="numNodeTypes" type="int" value="10" /><field name="numTerminalTypes" type="int" value="5" /><field name="terminalChance" type="double" value="0.05" /><field name="children"><array type="competition.cig.matthewerickson.GPNode" length="0" id="229" /></field></object><object type="competition.cig.matthewerickson.ShiftRightNode" id="230"><field name="numNodeTypes" type="int" value="10" /><field name="numTerminalTypes" type="int" value="5" /><field name="terminalChance" type="double" value="0.05" /><field name="children"><array type="competition.cig.matthewerickson.GPNode" length="1" id="231"><object type="competition.cig.matthewerickson.MaskYNode" id="232"><field name="numNodeTypes" type="int" value="10" /><field name="numTerminalTypes" type="int" value="5" /><field name="terminalChance" type="double" value="0.05" /><field name="children"><array type="competition.cig.matthewerickson.GPNode" length="1" id="233"><object type="competition.cig.matthewerickson.NearestEnemyNode" id="234"><field name="numNodeTypes" type="int" value="10" /><field name="numTerminalTypes" type="int" value="5" /><field name="terminalChance" type="double" value="0.05" /><field name="children"><array type="competition.cig.matthewerickson.GPNode" length="0" id="235" /></field></object></array></field></object></array></field></object></array></field></object></array></field></object><object type="competition.cig.matthewerickson.AddNode" id="236"><field name="numNodeTypes" type="int" value="10" /><field name="numTerminalTypes" type="int" value="5" /><field name="terminalChance" type="double" value="0.05" /><field name="children"><array type="competition.cig.matthewerickson.GPNode" length="2" id="237"><object type="competition.cig.matthewerickson.ShiftRightNode" id="238"><field name="numNodeTypes" type="int" value="10" /><field name="numTerminalTypes" type="int" value="5" /><field name="terminalChance" type="double" value="0.05" /><field name="children"><array type="competition.cig.matthewerickson.GPNode" length="1" id="239"><object type="competition.cig.matthewerickson.NotNode" id="240"><field name="numNodeTypes" type="int" value="10" /><field name="numTerminalTypes" type="int" value="5" /><field name="terminalChance" type="double" value="0.05" /><field name="children"><array type="competition.cig.matthewerickson.GPNode" length="1" id="241"><object type="competition.cig.matthewerickson.FloatNode" id="242"><field name="value"><array type="float" length="4" id="243">-0.0 0.9031641 0.41071424 0.87824404</array></field><field name="numNodeTypes" type="int" value="10" /><field name="numTerminalTypes" type="int" value="5" /><field name="terminalChance" type="double" value="0.05" /><field name="children"><array type="competition.cig.matthewerickson.GPNode" length="0" id="244" /></field></object></array></field></object></array></field></object><object type="competition.cig.matthewerickson.ShiftLeftNode" id="245"><field name="numNodeTypes" type="int" value="10" /><field name="numTerminalTypes" type="int" value="5" /><field name="terminalChance" type="double" value="0.05" /><field name="children"><array type="competition.cig.matthewerickson.GPNode" length="1" id="246"><object type="competition.cig.matthewerickson.FloatNode" id="247"><field name="value"><array type="float" length="4" id="248">0.25432998 0.1392821 0.13592464 0.98728925</array></field><field name="numNodeTypes" type="int" value="10" /><field name="numTerminalTypes" type="int" value="5" /><field name="terminalChance" type="double" value="0.05" /><field name="children"><array type="competition.cig.matthewerickson.GPNode" length="0" id="249" /></field></object></array></field></object></array></field></object></array></field></object></array></field></object><object type="competition.cig.matthewerickson.ShiftLeftNode" id="250"><field name="numNodeTypes" type="int" value="10" /><field name="numTerminalTypes" type="int" value="5" /><field name="terminalChance" type="double" value="0.05" /><field name="children"><array type="competition.cig.matthewerickson.GPNode" length="1" id="251"><object type="competition.cig.matthewerickson.FloatNode" id="252"><field name="value"><array type="float" length="4" id="253">0.25432998 0.1392821 0.13592464 0.98728925</array></field><field name="numNodeTypes" type="int" value="10" /><field name="numTerminalTypes" type="int" value="5" /><field name="terminalChance" type="double" value="0.05" /><field name="children"><array type="competition.cig.matthewerickson.GPNode" length="0" id="254" /></field></object></array></field></object></array></field></object></array></field></object></array></field></object></array></field></object></array></field></object></array></field></object></array></field></object></array></field></object></array></field></object><object type="competition.cig.matthewerickson.FloatNode" id="255"><field name="value"><array type="float" length="4" id="256">0.974588 0.024135191 0.79655737 0.38189775</array></field><field name="numNodeTypes" type="int" value="10" /><field name="numTerminalTypes" type="int" value="5" /><field name="terminalChance" type="double" value="0.05" /><field name="children"><array type="competition.cig.matthewerickson.GPNode" length="0" id="257" /></field></object></array></field></object></array></field></object><object type="competition.cig.matthewerickson.ShiftRightNode" id="258"><field name="numNodeTypes" type="int" value="10" /><field name="numTerminalTypes" type="int" value="5" /><field name="terminalChance" type="double" value="0.05" /><field name="children"><array type="competition.cig.matthewerickson.GPNode" length="1" id="259"><object type="competition.cig.matthewerickson.IsOnGroundNode" id="260"><field name="numNodeTypes" type="int" value="10" /><field name="numTerminalTypes" type="int" value="5" /><field name="terminalChance" type="double" value="0.05" /><field name="children"><array type="competition.cig.matthewerickson.GPNode" length="0" id="261" /></field></object></array></field></object></array></field></object><object type="competition.cig.matthewerickson.FloatNode" id="262"><field name="value"><array type="float" length="4" id="263">0.38395697 0.0 0.35622254 0.76896626</array></field><field name="numNodeTypes" type="int" value="10" /><field name="numTerminalTypes" type="int" value="5" /><field name="terminalChance" type="double" value="0.05" /><field name="children"><array type="competition.cig.matthewerickson.GPNode" length="0" id="264" /></field></object></array></field></object></array></field></object></array></field></object></array></field></object></array></field></object></field><field name="actions"><array type="boolean" length="5" id="265">false true false true true</array></field></object>